old_order,new_order
153-041626,1000583
153-041626,1000584
153-041626,1000585
153-041626,1000589
153-041626,1000592
153-041626,1000593
153-041626,1000594
By email,1000603
,1000604
153-042026,1000657
By email,1000722
153-042226,1000842
153-042226,1000843
153-042026,1000898
By email,1001037
By email,1001042
40800,1001043
40800,1001044
40800,1001058
153-042926,1001098
Ritchie4302026,1001175
W043026,1001187
W043026,1001195
153-050126,1001217
43715-00,1001235
By email,1001257
W050126,1001261
153-050426,1001292
31690,1001302
385-4327,1001317
153-050526,1001354
18371,1001359
3442,1001365
By email,1001369
1783,1001389
01033585,1001393
1783,1001415
W043026,1001424
48691,1001455
31685,1001456
By email,1001487
31718,1001503
153-050826,1001517
153-051126,1001597
5112026,1001625
31725,1001635
MIL,1001661
MIL,1001665
28931,1001669
153-051326,1001686
56-1082,1001700
9741-00,1001744
43741-00,1001782
153-051526DA,1001853
153-051826,1001854
28941,1001861
By email,1001887
153-051826,1001893
18408,1001952
