,,,,,,,,,,,,,,,,,,,,,Purchase Order
,,,,,,,,,,,,,,PO Number:,153-030326,,,,,,
,,,,,,,,,,,,,,Dealer Account:,256100,,,,,,
,,,,,,,,,,,,,,Date:,03/03/26,,,,,,
,,,,,,,,,,,,,,Ship Via:,Default,,,,,,
,Vendor,,,,,,,,,,,Ship To,,,,,,,,,
,Steven Willand,,,,,,,,,,,Jacks Small Engines,,,,,,,,,
,PO BOX 9,,,,,,,,,,,,,,,,,,,,
,"AUGUSTA, NJ  07822",,,,,,,,,,,105 Industry Lane,,,,,,,,,
,Phone: (973) 579-5656  Fax: (866) 256-2513,,,,,,,,,,,"Forest Hill, MD  21050",,,,,,,,,
,,,,,,,,,,,,,,,,,,,,,
,Item # ,,Qty Ordered,,,Part Number,,,,,,Description,,,,Cost,,,,Extended,
,Classen Parts,,,,,,,,,,,,,,,,,,,,
,1.,,4,,,100035,,,,,,"SPRING, THROTTLE CABL",,,,$5.00,,,,$20.00,
,2.,,2,,,100327,,,,,,CABLE ASSEMBLY,,,,$56.94,,,,$113.88,
,3.,,2,,,200015,,,,,,SPROCKET W/ 2  HUB BO,,,,$33.05,,,,$66.10,
,4.,,113,,,300019,,,,,,"FINGER, RAKE",,,,$2.32,,,,$262.16,
,5.,,1,,,4169633,,,,,,"WHEEL DRIVE, SA 25",,,,$198.62,,,,$198.62,
,6.,,2,,,4173082,,,,,,BELT   AK34,,,,$19.28,,,,$38.56,
,7.,,1,,,4173217,,,,,,S TA18 CABLE ASSEMBLY,,,,$10.09,,,,$10.09,
,8.,,1,,,4177232,,,,,,S ECCENTRIC CAM KIT,,,,$153.47,,,,$153.47,
,9.,,1,,,700011,,,,,,"PLATE W/STUDS, INNER",,,,$23.46,,,,$23.46,
,10.,,2,,,C100053,,,,,,CABLE ASSEMBLY,,,,$25.08,,,,$50.16,
,,,,,,,,,,,,,,,,Sub Total for Classen Parts:,,,,$936.50,
,Little Wonder   Mantis        ,,,,,,,,,,,,,,,,,,,,
,11.,,1,,,130326-1152-2,,,,,,Lid Cleaner,,,,$11.26,,,,$11.26,
,12.,,1,,,140,,,,,,Bolt 1/4 20 x 3/8,,,,$0.83,,,,$0.83,
,13.,,1,,,195P,,,,,,Special Belt Guard En,,,,$57.11,,,,$57.11,
,14.,,1,,,209,,,,,,"ASSY FLAP, MUD",,,,$30.06,,,,$30.06,
,15.,,1,,,400290SH,,,,,,Handle Assy Right 4 C,,,,$40.90,,,,$40.90,
,16.,,1,,,900302,,,,,,Set of 2 pcs of P/N 9,,,,$19.72,,,,$19.72,
,17.,,3,,,910131,,,,,,KNOB,,,,$4.72,,,,$14.16,
,18.,,16,,,C100678,,,,,,"Bearing, Journal",,,,$5.91,,,,$94.56,
,,,,,,,,,,,,,,,,Sub Total for Little Wonder   ,,,,$268.60,
,Red Max                       ,,,,,,,,,,,,,,,,,,,,
,19.,,1,,,501403402,,,,,,CLUTCH SPRING,,,,$3.24,,,,$3.24,
,20.,,1,,,503843201,,,,,,IGNITION MODULE,,,,$55.24,,,,$55.24,
,21.,,1,,,505180901,,,,,,HOSE,,,,$14.94,,,,$14.94,
,22.,,2,,,505181101,,,,,,SWIVEL JOINT,,,,$12.99,,,,$25.98,
,23.,,2,,,506255906,,,,,,TANK CAP ASSY,,,,$8.44,,,,$16.88,
,24.,,4,,,506264101,,,,,,FUEL FILTER,,,,$6.49,,,,$25.96,
,25.,,3,,,506707001,,,,,,CLIP,,,,$1.94,,,,$5.82,
,26.,,1,,,511755301,,,,,,COVER.ENGINE,,,,$32.49,,,,$32.49,
,27.,,32,,,511758401,,,,,,BAND ASSY RPLS 848L58,,,,$12.99,,,,$415.68,
,28.,,5,,,512846401,,,,,,"BOLT, TORX",,,,$1.94,,,,$9.70,
,29.,,1,,,513802601,,,,,,GROMMET,,,,$3.24,,,,$3.24,
,30.,,1,,,521521201,,,,,,BEARING,,,,$5.84,,,,$5.84,
,31.,,2,,,521521901,,,,,,SEAL,,,,$4.54,,,,$9.08,
,32.,,1,,,521585101,,,,,,STOPPER RPLS 26222450,,,,$12.99,,,,$12.99,
3/3/2026 8:59 AM,,,,,,,,,,,,,,,,, Page,1, of,3,
,Item # ,,Qty Ordered,,,Part Number,,,,,,Description,,,,Cost,,,,Extended,
,33.,,1,,,521593601,,,,,,HANDLE F,,,,$12.99,,,,$12.99,
,34.,,1,,,521629301,,,,,,RECOIL ASSY,,,,$32.49,,,,$32.49,
,35.,,2,,,521653101,,,,,,BRACKET,,,,$3.89,,,,$7.78,
,36.,,1,,,521783301,,,,,,FUEL PIPE ASSY,,,,$12.99,,,,$12.99,
,37.,,2,,,525351901,,,,,,SPACER,,,,$1.94,,,,$3.88,
,38.,,2,,,525470602,,,,,,AIR FILTER NON WOVEN,,,,$25.99,,,,$51.98,
,39.,,1,,,525528301,,,,,,CAP,,,,$6.49,,,,$6.49,
,40.,,1,,,525529001,,,,,,GASKET,,,,$2.59,,,,$2.59,
,41.,,1,,,528074001,,,,,,SPARK PLUG CMR7H,,,,$5.19,,,,$5.19,
,42.,,1,,,529910701,,,,,,HOUR METER,,,,$41.99,,,,$41.99,
,43.,,1,,,530025875,,,,,,RING PISTON HOOKED,,,,$2.99,,,,$2.99,
,44.,,1,,,530039067,,,,,,MODULE,,,,$2.16,,,,$2.16,
,45.,,1,,,530401183,,,,,,TAP BUTTON,,,,$2.39,,,,$2.39,
,46.,,1,,,531002454,,,,,,AIR FILTER FOAM,,,,$3.89,,,,$3.89,
,47.,,1,,,531004137,,,,,,CHOKE PLATE,,,,$3.58,,,,$3.58,
,48.,,1,,,532166649,,,,,,PLUG.MULCH.22RD,,,,$16.79,,,,$16.79,
,49.,,1,,,532176066,,,,,,NOSE ROLLER 48,,,,$7.79,,,,$7.79,
,50.,,1,,,532180135,,,,,,"SPRING, BIAS",,,,$2.39,,,,$2.39,
,51.,,1,,,532194208,,,,,,PIN COTTER 5/16 BOW T,,,,$0.59,,,,$0.59,
,52.,,3,,,532408007,,,,,,IMPELLER BELT,,,,$22.79,,,,$68.37,
,53.,,1,,,532419744,,,,,,GROUND DRIVE BELT,,,,$17.99,,,,$17.99,
,54.,,1,,,532424297,,,,,,BOLT.SHOULDER.1/2X12,,,,$2.39,,,,$2.39,
,55.,,1,,,532427304,,,,,,GROUND DRIVE BELT,,,,$10.79,,,,$10.79,
,56.,,1,,,539003151,,,,,,"CHAIN, 30457,55 DR SO",,,,$44.99,,,,$44.99,
,57.,,1,,,539106754,,,,,,SHAFT GUARD,,,,$11.99,,,,$11.99,
,58.,,3,,,539106849,,,,,,CABLE POWER RAKE,,,,$17.99,,,,$53.97,
,59.,,3,,,544271501,,,,,,AIR FILTER,,,,$16.24,,,,$48.72,
,60.,,2,,,544271601,,,,,,AIR FILTER,,,,$9.74,,,,$19.48,
,61.,,1,,,544274001,,,,,,CLAMP F96,,,,$2.59,,,,$2.59,
,62.,,1,,,544274101,,,,,,CLAMP F115,,,,$2.59,,,,$2.59,
,63.,,1,,,544908406,,,,,,BELT MICRO V,,,,$21.44,,,,$21.44,
,64.,,1,,,545033801,,,,,,ISOLATOR,,,,$5.19,,,,$5.19,
,65.,,1,,,545063101,,,,,,SPRING REAR ISOLATOR,,,,$5.19,,,,$5.19,
,66.,,1,,,545075305,,,,,,ASSY FUEL TANK,,,,$8.44,,,,$8.44,
,67.,,1,,,545138101,,,,,,RP TUBE BLOWER LOWER,,,,$7.79,,,,$7.79,
,68.,,3,,,576403703,,,,,,TANK CAP,,,,$5.19,,,,$15.57,
,69.,,4,,,576562001,,,,,,PAD,,,,$19.49,,,,$77.96,
,70.,,1,,,576565101,,,,,,GRIP ASSY,,,,$16.24,,,,$16.24,
,71.,,3,,,576596701,,,,,,PISTON RING,,,,$5.19,,,,$15.57,
,72.,,1,,,579518401,,,,,,FUEL PIPE,,,,$3.24,,,,$3.24,
,73.,,1,,,581238901,,,,,,BAFFLE.FRONT.22 PLAST,,,,$22.79,,,,$22.79,
,74.,,3,,,581242401,,,,,,CLUTCH COVER ASSY,,,,$55.24,,,,$165.72,
,75.,,1,,,582360501,,,,,,BUSHING.NOSE.ROLLER,,,,$1.79,,,,$1.79,
,76.,,1,,,582389501,,,,,,TOOL CARBURETOR ADJUS,,,,$18.19,,,,$18.19,
,77.,,1,,,583449401,,,,,,ADJUSTER.ARM.ASM.AX.L,,,,$11.99,,,,$11.99,
,78.,,4,,,585809101,,,,,,GASKET CARBURETOR,,,,$1.94,,,,$7.76,
,79.,,1,,,587030801,,,,,,CONTROL.ASM.DEFLEC.BL,,,,$35.99,,,,$35.99,
,80.,,5,,,587930701,,,,,,AIR FILTER,,,,$6.49,,,,$32.45,
,81.,,1,,,590606301,,,,,,TUBE BLOWER UPPER S,,,,$7.79,,,,$7.79,
3/3/2026 8:59 AM,,,,,,,,,,,,,,,,, Page,2, of,3,
,Item # ,,Qty Ordered,,,Part Number,,,,,,Description,,,,Cost,,,,Extended,
,82.,,13,,,591375401,,,,,,FUEL FILTER H710 0388,,,,$5.84,,,,$75.92,
,83.,,1,,,593848401,,,,,,SPEED CONTROL CABLE,,,,$10.79,,,,$10.79,
,84.,,1,,,594092501,,,,,,ROD.ROLLER.NOSE.NARR,,,,$3.59,,,,$3.59,
,85.,,1,,,594944401,,,,,,NUT HEXAGON FLANGE 5/,,,,$3.59,,,,$3.59,
,86.,,1,,,595921201,,,,,,IMPELLER ASSY WELDMEN,,,,$19.79,,,,$19.79,
,87.,,1,,,595924701,,,,,,IMPELLER BELT,,,,$14.99,,,,$14.99,
,88.,,3,,,598836601,,,,,,FUEL FILTER KIT,,,,$5.84,,,,$17.52,
,,,,,,,,,,,,,,,,Sub Total for Red Max:,,,,"$1,769.18",
,,,,,,,,,,,,,,,,Grand Total:,,,,"$2,974.28",
,,,,,,,,,,,,,,,,,,,,,
,,,,,,,,,,,,,,,,,,,,,
,,,,,,,,,,,,,,,,,,,,,
,,,,,,,,,,,,,,,,,,,,,
,,,,,,,,,,,,,,,,,,,,,
,,,,,,,,,,,,,,,,,,,,,
,,,,,,,,,,,,,,,,,,,,,
,,,,,,,,,,,,,,,,,,,,,
,,,,,,,,,,,,,,,,,,,,,
,,,,,,,,,,,,,,,,,,,,,
,,,,,,,,,,,,,,,,,,,,,
,,,,,,,,,,,,,,,,,,,,,
,,,,,,,,,,,,,,,,,,,,,
,,,,,,,,,,,,,,,,,,,,,
,,,,,,,,,,,,,,,,,,,,,
,,,,,,,,,,,,,,,,,,,,,
,,,,,,,,,,,,,,,,,,,,,
,,,,,,,,,,,,,,,,,,,,,
,,,,,,,,,,,,,,,,,,,,,
,,,,,,,,,,,,,,,,,,,,,
,,,,,,,,,,,,,,,,,,,,,
,,,,,,,,,,,,,,,,,,,,,
,,,,,,,,,,,,,,,,,,,,,
,,,,,,,,,,,,,,,,,,,,,
,,,,,,,,,,,,,,,,,,,,,
,,,,,,,,,,,,,,,,,,,,,
,,,,,,,,,,,,,,,,,,,,,
,,,,,,,,,,,,,,,,,,,,,
,,,,,,,,,,,,,,,,,,,,,
,,,,,,,,,,,,,,,,,,,,,
,,,,,,,,,,,,,,,,,,,,,
,,,,,,,,,,,,,,,,,,,,,
,,,,,,,,,,,,,,,,,,,,,
,,,,,,,,,,,,,,,,,,,,,
,,,,,,,,,,,,,,,,,,,,,
,,,,,,,,,,,,,,,,,,,,,
,,,,,,,,,,,,,,,,,,,,,
,,,,,,,,,,,,,,,,,,,,,
,,,,,,,,,,,,,,,,,,,,,
,,,,,,,,,,,,,,,,,,,,,
,,,,,,,,,,,,,,,,,,,,,
,,,,,,,,,,,,,,,,,,,,,
,,,,,,,,,,,,,,,,,,,,,
,,,,,,,,,,,,,,,,,,,,,
,,,,,,,,,,,,,,,,,,,,,
3/3/2026 8:59 AM,,,,,,,,,,,,,,,,, Page,3, of,3,
